<?xml version="1.0" encoding="UTF-8"?>
<DEFECTS>
  <DEFECT>
    <SFA>
      <FILEPATH>c:\users\quincywu\documents\github\ee590-opencl\final\openclproject\openclproject\</FILEPATH>
      <FILENAME>openclproject.cpp</FILENAME>
      <LINE>369</LINE>
      <COLUMN>13</COLUMN>
    </SFA>
    <DEFECTCODE>6246</DEFECTCODE>
    <DESCRIPTION>Local declaration of 'i' hides declaration of the same name in outer scope. For additional information, see previous declaration at line '367' of 'c:\users\quincywu\documents\github\ee590-opencl\final\openclproject\openclproject\openclproject.cpp'.</DESCRIPTION>
    <FUNCTION>main</FUNCTION>
    <DECORATED>main</DECORATED>
    <FUNCLINE>81</FUNCLINE>
    <PATH>
      <SFA>
        <FILEPATH>c:\users\quincywu\documents\github\ee590-opencl\final\openclproject\openclproject\</FILEPATH>
        <FILENAME>openclproject.cpp</FILENAME>
        <LINE>367</LINE>
        <COLUMN>17</COLUMN>
      </SFA>
    </PATH>
  </DEFECT>
  <DEFECT>
    <SFA>
      <FILEPATH>c:\users\quincywu\documents\github\ee590-opencl\final\openclproject\openclproject\</FILEPATH>
      <FILENAME>openclproject.cpp</FILENAME>
      <LINE>391</LINE>
      <COLUMN>24</COLUMN>
    </SFA>
    <DEFECTCODE>6246</DEFECTCODE>
    <DESCRIPTION>Local declaration of 'i' hides declaration of the same name in outer scope. For additional information, see previous declaration at line '369' of 'c:\users\quincywu\documents\github\ee590-opencl\final\openclproject\openclproject\openclproject.cpp'.</DESCRIPTION>
    <FUNCTION>main</FUNCTION>
    <DECORATED>main</DECORATED>
    <FUNCLINE>81</FUNCLINE>
    <PATH>
      <SFA>
        <FILEPATH>c:\users\quincywu\documents\github\ee590-opencl\final\openclproject\openclproject\</FILEPATH>
        <FILENAME>openclproject.cpp</FILENAME>
        <LINE>369</LINE>
        <COLUMN>18</COLUMN>
      </SFA>
    </PATH>
  </DEFECT>
  <DEFECT>
    <SFA>
      <FILEPATH>c:\users\quincywu\documents\github\ee590-opencl\final\openclproject\openclproject\</FILEPATH>
      <FILENAME>openclproject.cpp</FILENAME>
      <LINE>506</LINE>
      <COLUMN>24</COLUMN>
    </SFA>
    <DEFECTCODE>6246</DEFECTCODE>
    <DESCRIPTION>Local declaration of 'i' hides declaration of the same name in outer scope. For additional information, see previous declaration at line '369' of 'c:\users\quincywu\documents\github\ee590-opencl\final\openclproject\openclproject\openclproject.cpp'.</DESCRIPTION>
    <FUNCTION>main</FUNCTION>
    <DECORATED>main</DECORATED>
    <FUNCLINE>81</FUNCLINE>
    <PATH>
      <SFA>
        <FILEPATH>c:\users\quincywu\documents\github\ee590-opencl\final\openclproject\openclproject\</FILEPATH>
        <FILENAME>openclproject.cpp</FILENAME>
        <LINE>369</LINE>
        <COLUMN>18</COLUMN>
      </SFA>
    </PATH>
  </DEFECT>
  <DEFECT>
    <SFA>
      <FILEPATH>c:\users\quincywu\documents\github\ee590-opencl\final\openclproject\openclproject\</FILEPATH>
      <FILENAME>openclproject.cpp</FILENAME>
      <LINE>132</LINE>
      <COLUMN>13</COLUMN>
    </SFA>
    <DEFECTCODE>6011</DEFECTCODE>
    <DESCRIPTION>Dereferencing NULL pointer 'p_str1'. </DESCRIPTION>
    <FUNCTION>main</FUNCTION>
    <DECORATED>main</DECORATED>
    <FUNCLINE>81</FUNCLINE>
    <PROBABILITY>1</PROBABILITY>
    <RANK>4</RANK>
    <CATEGORY>
      <RULECATEGORY>mspft</RULECATEGORY>
    </CATEGORY>
    <PATH>
      <SFA>
        <FILEPATH>c:\users\quincywu\documents\github\ee590-opencl\final\openclproject\openclproject\</FILEPATH>
        <FILENAME>openclproject.cpp</FILENAME>
        <LINE>83</LINE>
        <COLUMN>8</COLUMN>
      </SFA>
      <SFA>
        <FILEPATH>c:\users\quincywu\documents\github\ee590-opencl\final\openclproject\openclproject\</FILEPATH>
        <FILENAME>openclproject.cpp</FILENAME>
        <LINE>84</LINE>
        <COLUMN>18</COLUMN>
      </SFA>
      <SFA>
        <FILEPATH>c:\users\quincywu\documents\github\ee590-opencl\final\openclproject\openclproject\</FILEPATH>
        <FILENAME>openclproject.cpp</FILENAME>
        <LINE>85</LINE>
        <COLUMN>18</COLUMN>
      </SFA>
      <SFA>
        <FILEPATH>c:\users\quincywu\documents\github\ee590-opencl\final\openclproject\openclproject\</FILEPATH>
        <FILENAME>openclproject.cpp</FILENAME>
        <LINE>86</LINE>
        <COLUMN>18</COLUMN>
      </SFA>
      <SFA>
        <FILEPATH>c:\users\quincywu\documents\github\ee590-opencl\final\openclproject\openclproject\</FILEPATH>
        <FILENAME>openclproject.cpp</FILENAME>
        <LINE>87</LINE>
        <COLUMN>18</COLUMN>
      </SFA>
      <SFA>
        <FILEPATH>c:\users\quincywu\documents\github\ee590-opencl\final\openclproject\openclproject\</FILEPATH>
        <FILENAME>openclproject.cpp</FILENAME>
        <LINE>88</LINE>
        <COLUMN>18</COLUMN>
      </SFA>
      <SFA>
        <FILEPATH>c:\users\quincywu\documents\github\ee590-opencl\final\openclproject\openclproject\</FILEPATH>
        <FILENAME>openclproject.cpp</FILENAME>
        <LINE>91</LINE>
        <COLUMN>18</COLUMN>
      </SFA>
      <SFA>
        <FILEPATH>c:\users\quincywu\documents\github\ee590-opencl\final\openclproject\openclproject\</FILEPATH>
        <FILENAME>openclproject.cpp</FILENAME>
        <LINE>93</LINE>
        <COLUMN>18</COLUMN>
      </SFA>
      <SFA>
        <FILEPATH>c:\users\quincywu\documents\github\ee590-opencl\final\openclproject\openclproject\</FILEPATH>
        <FILENAME>openclproject.cpp</FILENAME>
        <LINE>94</LINE>
        <COLUMN>18</COLUMN>
      </SFA>
      <SFA>
        <FILEPATH>c:\users\quincywu\documents\github\ee590-opencl\final\openclproject\openclproject\</FILEPATH>
        <FILENAME>openclproject.cpp</FILENAME>
        <LINE>95</LINE>
        <COLUMN>18</COLUMN>
      </SFA>
      <SFA>
        <FILEPATH>c:\users\quincywu\documents\github\ee590-opencl\final\openclproject\openclproject\</FILEPATH>
        <FILENAME>openclproject.cpp</FILENAME>
        <LINE>96</LINE>
        <COLUMN>18</COLUMN>
      </SFA>
      <SFA>
        <FILEPATH>c:\users\quincywu\documents\github\ee590-opencl\final\openclproject\openclproject\</FILEPATH>
        <FILENAME>openclproject.cpp</FILENAME>
        <LINE>98</LINE>
        <COLUMN>12</COLUMN>
      </SFA>
      <SFA>
        <FILEPATH>c:\users\quincywu\documents\github\ee590-opencl\final\openclproject\openclproject\</FILEPATH>
        <FILENAME>openclproject.cpp</FILENAME>
        <LINE>100</LINE>
        <COLUMN>8</COLUMN>
      </SFA>
      <SFA>
        <FILEPATH>c:\users\quincywu\documents\github\ee590-opencl\final\openclproject\openclproject\</FILEPATH>
        <FILENAME>openclproject.cpp</FILENAME>
        <LINE>101</LINE>
        <COLUMN>8</COLUMN>
      </SFA>
      <SFA>
        <FILEPATH>c:\users\quincywu\documents\github\ee590-opencl\final\openclproject\openclproject\</FILEPATH>
        <FILENAME>openclproject.cpp</FILENAME>
        <LINE>102</LINE>
        <COLUMN>8</COLUMN>
      </SFA>
      <SFA>
        <FILEPATH>c:\users\quincywu\documents\github\ee590-opencl\final\openclproject\openclproject\</FILEPATH>
        <FILENAME>openclproject.cpp</FILENAME>
        <LINE>105</LINE>
        <COLUMN>10</COLUMN>
      </SFA>
      <SFA>
        <FILEPATH>c:\users\quincywu\documents\github\ee590-opencl\final\openclproject\openclproject\</FILEPATH>
        <FILENAME>openclproject.cpp</FILENAME>
        <LINE>106</LINE>
        <COLUMN>10</COLUMN>
      </SFA>
      <SFA>
        <FILEPATH>c:\users\quincywu\documents\github\ee590-opencl\final\openclproject\openclproject\</FILEPATH>
        <FILENAME>openclproject.cpp</FILENAME>
        <LINE>118</LINE>
        <COLUMN>8</COLUMN>
        <KEYEVENT>
          <ID>1</ID>
          <KIND>declaration</KIND>
          <IMPORTANCE>Essential</IMPORTANCE>
          <MESSAGE>'p_str1' may be NULL</MESSAGE>
        </KEYEVENT>
      </SFA>
      <SFA>
        <FILEPATH>c:\users\quincywu\documents\github\ee590-opencl\final\openclproject\openclproject\</FILEPATH>
        <FILENAME>openclproject.cpp</FILENAME>
        <LINE>121</LINE>
        <COLUMN>14</COLUMN>
      </SFA>
      <SFA>
        <FILEPATH>c:\users\quincywu\documents\github\ee590-opencl\final\openclproject\openclproject\</FILEPATH>
        <FILENAME>openclproject.cpp</FILENAME>
        <LINE>122</LINE>
        <COLUMN>13</COLUMN>
      </SFA>
      <SFA>
        <FILEPATH>c:\users\quincywu\documents\github\ee590-opencl\final\openclproject\openclproject\</FILEPATH>
        <FILENAME>openclproject.cpp</FILENAME>
        <LINE>123</LINE>
        <COLUMN>26</COLUMN>
        <KEYEVENT>
          <ID>2</ID>
          <KIND>branch</KIND>
          <IMPORTANCE>Full</IMPORTANCE>
          <MESSAGE>Skip this branch, (assume '&lt;branch condition&gt;' is false)</MESSAGE>
        </KEYEVENT>
      </SFA>
      <SFA>
        <FILEPATH>c:\users\quincywu\documents\github\ee590-opencl\final\openclproject\openclproject\</FILEPATH>
        <FILENAME>openclproject.cpp</FILENAME>
        <LINE>132</LINE>
        <COLUMN>13</COLUMN>
        <KEYEVENT>
          <ID>3</ID>
          <KIND>usage</KIND>
          <IMPORTANCE>Essential</IMPORTANCE>
          <MESSAGE>'p_str1' is dereferenced, but may still be NULL</MESSAGE>
        </KEYEVENT>
      </SFA>
    </PATH>
  </DEFECT>
  <DEFECT>
    <SFA>
      <FILEPATH>c:\users\quincywu\documents\github\ee590-opencl\final\openclproject\openclproject\</FILEPATH>
      <FILENAME>openclproject.cpp</FILENAME>
      <LINE>703</LINE>
      <COLUMN>31</COLUMN>
    </SFA>
    <DEFECTCODE>6001</DEFECTCODE>
    <DESCRIPTION>Using uninitialized memory 'current_time'.</DESCRIPTION>
    <FUNCTION>main</FUNCTION>
    <DECORATED>main</DECORATED>
    <FUNCLINE>81</FUNCLINE>
    <PROBABILITY>1</PROBABILITY>
    <RANK>3</RANK>
    <CATEGORY>
      <RULECATEGORY>mspft</RULECATEGORY>
    </CATEGORY>
    <PATH>
      <SFA>
        <FILEPATH>c:\users\quincywu\documents\github\ee590-opencl\final\openclproject\openclproject\</FILEPATH>
        <FILENAME>openclproject.cpp</FILENAME>
        <LINE>83</LINE>
        <COLUMN>8</COLUMN>
      </SFA>
      <SFA>
        <FILEPATH>c:\users\quincywu\documents\github\ee590-opencl\final\openclproject\openclproject\</FILEPATH>
        <FILENAME>openclproject.cpp</FILENAME>
        <LINE>84</LINE>
        <COLUMN>18</COLUMN>
      </SFA>
      <SFA>
        <FILEPATH>c:\users\quincywu\documents\github\ee590-opencl\final\openclproject\openclproject\</FILEPATH>
        <FILENAME>openclproject.cpp</FILENAME>
        <LINE>85</LINE>
        <COLUMN>18</COLUMN>
      </SFA>
      <SFA>
        <FILEPATH>c:\users\quincywu\documents\github\ee590-opencl\final\openclproject\openclproject\</FILEPATH>
        <FILENAME>openclproject.cpp</FILENAME>
        <LINE>86</LINE>
        <COLUMN>18</COLUMN>
      </SFA>
      <SFA>
        <FILEPATH>c:\users\quincywu\documents\github\ee590-opencl\final\openclproject\openclproject\</FILEPATH>
        <FILENAME>openclproject.cpp</FILENAME>
        <LINE>87</LINE>
        <COLUMN>18</COLUMN>
      </SFA>
      <SFA>
        <FILEPATH>c:\users\quincywu\documents\github\ee590-opencl\final\openclproject\openclproject\</FILEPATH>
        <FILENAME>openclproject.cpp</FILENAME>
        <LINE>88</LINE>
        <COLUMN>18</COLUMN>
      </SFA>
      <SFA>
        <FILEPATH>c:\users\quincywu\documents\github\ee590-opencl\final\openclproject\openclproject\</FILEPATH>
        <FILENAME>openclproject.cpp</FILENAME>
        <LINE>91</LINE>
        <COLUMN>18</COLUMN>
      </SFA>
      <SFA>
        <FILEPATH>c:\users\quincywu\documents\github\ee590-opencl\final\openclproject\openclproject\</FILEPATH>
        <FILENAME>openclproject.cpp</FILENAME>
        <LINE>93</LINE>
        <COLUMN>18</COLUMN>
      </SFA>
      <SFA>
        <FILEPATH>c:\users\quincywu\documents\github\ee590-opencl\final\openclproject\openclproject\</FILEPATH>
        <FILENAME>openclproject.cpp</FILENAME>
        <LINE>94</LINE>
        <COLUMN>18</COLUMN>
      </SFA>
      <SFA>
        <FILEPATH>c:\users\quincywu\documents\github\ee590-opencl\final\openclproject\openclproject\</FILEPATH>
        <FILENAME>openclproject.cpp</FILENAME>
        <LINE>95</LINE>
        <COLUMN>18</COLUMN>
      </SFA>
      <SFA>
        <FILEPATH>c:\users\quincywu\documents\github\ee590-opencl\final\openclproject\openclproject\</FILEPATH>
        <FILENAME>openclproject.cpp</FILENAME>
        <LINE>96</LINE>
        <COLUMN>18</COLUMN>
      </SFA>
      <SFA>
        <FILEPATH>c:\users\quincywu\documents\github\ee590-opencl\final\openclproject\openclproject\</FILEPATH>
        <FILENAME>openclproject.cpp</FILENAME>
        <LINE>98</LINE>
        <COLUMN>12</COLUMN>
      </SFA>
      <SFA>
        <FILEPATH>c:\users\quincywu\documents\github\ee590-opencl\final\openclproject\openclproject\</FILEPATH>
        <FILENAME>openclproject.cpp</FILENAME>
        <LINE>100</LINE>
        <COLUMN>8</COLUMN>
      </SFA>
      <SFA>
        <FILEPATH>c:\users\quincywu\documents\github\ee590-opencl\final\openclproject\openclproject\</FILEPATH>
        <FILENAME>openclproject.cpp</FILENAME>
        <LINE>101</LINE>
        <COLUMN>8</COLUMN>
      </SFA>
      <SFA>
        <FILEPATH>c:\users\quincywu\documents\github\ee590-opencl\final\openclproject\openclproject\</FILEPATH>
        <FILENAME>openclproject.cpp</FILENAME>
        <LINE>102</LINE>
        <COLUMN>8</COLUMN>
      </SFA>
      <SFA>
        <FILEPATH>c:\users\quincywu\documents\github\ee590-opencl\final\openclproject\openclproject\</FILEPATH>
        <FILENAME>openclproject.cpp</FILENAME>
        <LINE>105</LINE>
        <COLUMN>10</COLUMN>
      </SFA>
      <SFA>
        <FILEPATH>c:\users\quincywu\documents\github\ee590-opencl\final\openclproject\openclproject\</FILEPATH>
        <FILENAME>openclproject.cpp</FILENAME>
        <LINE>106</LINE>
        <COLUMN>10</COLUMN>
      </SFA>
      <SFA>
        <FILEPATH>c:\users\quincywu\documents\github\ee590-opencl\final\openclproject\openclproject\</FILEPATH>
        <FILENAME>openclproject.cpp</FILENAME>
        <LINE>118</LINE>
        <COLUMN>8</COLUMN>
      </SFA>
      <SFA>
        <FILEPATH>c:\users\quincywu\documents\github\ee590-opencl\final\openclproject\openclproject\</FILEPATH>
        <FILENAME>openclproject.cpp</FILENAME>
        <LINE>121</LINE>
        <COLUMN>14</COLUMN>
      </SFA>
      <SFA>
        <FILEPATH>c:\users\quincywu\documents\github\ee590-opencl\final\openclproject\openclproject\</FILEPATH>
        <FILENAME>openclproject.cpp</FILENAME>
        <LINE>122</LINE>
        <COLUMN>13</COLUMN>
      </SFA>
      <SFA>
        <FILEPATH>c:\users\quincywu\documents\github\ee590-opencl\final\openclproject\openclproject\</FILEPATH>
        <FILENAME>openclproject.cpp</FILENAME>
        <LINE>123</LINE>
        <COLUMN>26</COLUMN>
      </SFA>
      <SFA>
        <FILEPATH>c:\users\quincywu\documents\github\ee590-opencl\final\openclproject\openclproject\</FILEPATH>
        <FILENAME>openclproject.cpp</FILENAME>
        <LINE>132</LINE>
        <COLUMN>13</COLUMN>
      </SFA>
      <SFA>
        <FILEPATH>c:\users\quincywu\documents\github\ee590-opencl\final\openclproject\openclproject\</FILEPATH>
        <FILENAME>openclproject.cpp</FILENAME>
        <LINE>133</LINE>
        <COLUMN>13</COLUMN>
      </SFA>
      <SFA>
        <FILEPATH>c:\users\quincywu\documents\github\ee590-opencl\final\openclproject\openclproject\</FILEPATH>
        <FILENAME>openclproject.cpp</FILENAME>
        <LINE>134</LINE>
        <COLUMN>13</COLUMN>
      </SFA>
      <SFA>
        <FILEPATH>c:\users\quincywu\documents\github\ee590-opencl\final\openclproject\openclproject\</FILEPATH>
        <FILENAME>openclproject.cpp</FILENAME>
        <LINE>138</LINE>
        <COLUMN>27</COLUMN>
      </SFA>
      <SFA>
        <FILEPATH>c:\users\quincywu\documents\github\ee590-opencl\final\openclproject\openclproject\</FILEPATH>
        <FILENAME>openclproject.cpp</FILENAME>
        <LINE>139</LINE>
        <COLUMN>18</COLUMN>
      </SFA>
      <SFA>
        <FILEPATH>c:\users\quincywu\documents\github\ee590-opencl\final\openclproject\openclproject\</FILEPATH>
        <FILENAME>openclproject.cpp</FILENAME>
        <LINE>143</LINE>
        <COLUMN>7</COLUMN>
      </SFA>
      <SFA>
        <FILEPATH>c:\users\quincywu\documents\github\ee590-opencl\final\openclproject\openclproject\</FILEPATH>
        <FILENAME>openclproject.cpp</FILENAME>
        <LINE>144</LINE>
        <COLUMN>5</COLUMN>
      </SFA>
      <SFA>
        <FILEPATH>c:\users\quincywu\documents\github\ee590-opencl\final\openclproject\openclproject\</FILEPATH>
        <FILENAME>openclproject.cpp</FILENAME>
        <LINE>146</LINE>
        <COLUMN>6</COLUMN>
      </SFA>
      <SFA>
        <FILEPATH>c:\users\quincywu\documents\github\ee590-opencl\final\openclproject\openclproject\</FILEPATH>
        <FILENAME>openclproject.cpp</FILENAME>
        <LINE>147</LINE>
        <COLUMN>5</COLUMN>
      </SFA>
      <SFA>
        <FILEPATH>c:\users\quincywu\documents\github\ee590-opencl\final\openclproject\openclproject\</FILEPATH>
        <FILENAME>openclproject.cpp</FILENAME>
        <LINE>148</LINE>
        <COLUMN>7</COLUMN>
      </SFA>
      <SFA>
        <FILEPATH>c:\users\quincywu\documents\github\ee590-opencl\final\openclproject\openclproject\</FILEPATH>
        <FILENAME>openclproject.cpp</FILENAME>
        <LINE>149</LINE>
        <COLUMN>23</COLUMN>
      </SFA>
      <SFA>
        <FILEPATH>c:\users\quincywu\documents\github\ee590-opencl\final\openclproject\openclproject\</FILEPATH>
        <FILENAME>openclproject.cpp</FILENAME>
        <LINE>156</LINE>
        <COLUMN>7</COLUMN>
      </SFA>
      <SFA>
        <FILEPATH>c:\users\quincywu\documents\github\ee590-opencl\final\openclproject\openclproject\</FILEPATH>
        <FILENAME>openclproject.cpp</FILENAME>
        <LINE>157</LINE>
        <COLUMN>7</COLUMN>
      </SFA>
      <SFA>
        <FILEPATH>c:\users\quincywu\documents\github\ee590-opencl\final\openclproject\openclproject\</FILEPATH>
        <FILENAME>openclproject.cpp</FILENAME>
        <LINE>158</LINE>
        <COLUMN>7</COLUMN>
      </SFA>
      <SFA>
        <FILEPATH>c:\users\quincywu\documents\github\ee590-opencl\final\openclproject\openclproject\</FILEPATH>
        <FILENAME>openclproject.cpp</FILENAME>
        <LINE>160</LINE>
        <COLUMN>23</COLUMN>
      </SFA>
      <SFA>
        <FILEPATH>c:\users\quincywu\documents\github\ee590-opencl\final\openclproject\openclproject\</FILEPATH>
        <FILENAME>openclproject.cpp</FILENAME>
        <LINE>162</LINE>
        <COLUMN>9</COLUMN>
      </SFA>
      <SFA>
        <FILEPATH>c:\users\quincywu\documents\github\ee590-opencl\final\openclproject\openclproject\</FILEPATH>
        <FILENAME>openclproject.cpp</FILENAME>
        <LINE>164</LINE>
        <COLUMN>23</COLUMN>
      </SFA>
      <SFA>
        <FILEPATH>c:\users\quincywu\documents\github\ee590-opencl\final\openclproject\openclproject\</FILEPATH>
        <FILENAME>openclproject.cpp</FILENAME>
        <LINE>171</LINE>
        <COLUMN>7</COLUMN>
      </SFA>
      <SFA>
        <FILEPATH>c:\users\quincywu\documents\github\ee590-opencl\final\openclproject\openclproject\</FILEPATH>
        <FILENAME>openclproject.cpp</FILENAME>
        <LINE>172</LINE>
        <COLUMN>7</COLUMN>
      </SFA>
      <SFA>
        <FILEPATH>c:\users\quincywu\documents\github\ee590-opencl\final\openclproject\openclproject\</FILEPATH>
        <FILENAME>openclproject.cpp</FILENAME>
        <LINE>173</LINE>
        <COLUMN>7</COLUMN>
      </SFA>
      <SFA>
        <FILEPATH>c:\users\quincywu\documents\github\ee590-opencl\final\openclproject\openclproject\</FILEPATH>
        <FILENAME>openclproject.cpp</FILENAME>
        <LINE>175</LINE>
        <COLUMN>10</COLUMN>
      </SFA>
      <SFA>
        <FILEPATH>c:\users\quincywu\documents\github\ee590-opencl\final\openclproject\openclproject\</FILEPATH>
        <FILENAME>openclproject.cpp</FILENAME>
        <LINE>177</LINE>
        <COLUMN>23</COLUMN>
      </SFA>
      <SFA>
        <FILEPATH>c:\users\quincywu\documents\github\ee590-opencl\final\openclproject\openclproject\</FILEPATH>
        <FILENAME>openclproject.cpp</FILENAME>
        <LINE>185</LINE>
        <COLUMN>7</COLUMN>
      </SFA>
      <SFA>
        <FILEPATH>c:\users\quincywu\documents\github\ee590-opencl\final\openclproject\openclproject\</FILEPATH>
        <FILENAME>openclproject.cpp</FILENAME>
        <LINE>186</LINE>
        <COLUMN>7</COLUMN>
      </SFA>
      <SFA>
        <FILEPATH>c:\users\quincywu\documents\github\ee590-opencl\final\openclproject\openclproject\</FILEPATH>
        <FILENAME>openclproject.cpp</FILENAME>
        <LINE>187</LINE>
        <COLUMN>7</COLUMN>
      </SFA>
      <SFA>
        <FILEPATH>c:\users\quincywu\documents\github\ee590-opencl\final\openclproject\openclproject\</FILEPATH>
        <FILENAME>openclproject.cpp</FILENAME>
        <LINE>190</LINE>
        <COLUMN>8</COLUMN>
      </SFA>
      <SFA>
        <FILEPATH>c:\users\quincywu\documents\github\ee590-opencl\final\openclproject\openclproject\</FILEPATH>
        <FILENAME>openclproject.cpp</FILENAME>
        <LINE>191</LINE>
        <COLUMN>6</COLUMN>
      </SFA>
      <SFA>
        <FILEPATH>c:\users\quincywu\documents\github\ee590-opencl\final\openclproject\openclproject\</FILEPATH>
        <FILENAME>openclproject.cpp</FILENAME>
        <LINE>193</LINE>
        <COLUMN>10</COLUMN>
      </SFA>
      <SFA>
        <FILEPATH>c:\users\quincywu\documents\github\ee590-opencl\final\openclproject\openclproject\</FILEPATH>
        <FILENAME>openclproject.cpp</FILENAME>
        <LINE>200</LINE>
        <COLUMN>7</COLUMN>
      </SFA>
      <SFA>
        <FILEPATH>c:\users\quincywu\documents\github\ee590-opencl\final\openclproject\openclproject\</FILEPATH>
        <FILENAME>openclproject.cpp</FILENAME>
        <LINE>202</LINE>
        <COLUMN>9</COLUMN>
      </SFA>
      <SFA>
        <FILEPATH>c:\users\quincywu\documents\github\ee590-opencl\final\openclproject\openclproject\</FILEPATH>
        <FILENAME>openclproject.cpp</FILENAME>
        <LINE>204</LINE>
        <COLUMN>5</COLUMN>
      </SFA>
      <SFA>
        <FILEPATH>c:\users\quincywu\documents\github\ee590-opencl\final\openclproject\openclproject\</FILEPATH>
        <FILENAME>openclproject.cpp</FILENAME>
        <LINE>206</LINE>
        <COLUMN>23</COLUMN>
      </SFA>
      <SFA>
        <FILEPATH>c:\users\quincywu\documents\github\ee590-opencl\final\openclproject\openclproject\</FILEPATH>
        <FILENAME>openclproject.cpp</FILENAME>
        <LINE>215</LINE>
        <COLUMN>7</COLUMN>
      </SFA>
      <SFA>
        <FILEPATH>c:\users\quincywu\documents\github\ee590-opencl\final\openclproject\openclproject\</FILEPATH>
        <FILENAME>openclproject.cpp</FILENAME>
        <LINE>216</LINE>
        <COLUMN>7</COLUMN>
      </SFA>
      <SFA>
        <FILEPATH>c:\users\quincywu\documents\github\ee590-opencl\final\openclproject\openclproject\</FILEPATH>
        <FILENAME>openclproject.cpp</FILENAME>
        <LINE>217</LINE>
        <COLUMN>7</COLUMN>
      </SFA>
      <SFA>
        <FILEPATH>c:\users\quincywu\documents\github\ee590-opencl\final\openclproject\openclproject\</FILEPATH>
        <FILENAME>openclproject.cpp</FILENAME>
        <LINE>219</LINE>
        <COLUMN>5</COLUMN>
      </SFA>
      <SFA>
        <FILEPATH>c:\users\quincywu\documents\github\ee590-opencl\final\openclproject\openclproject\</FILEPATH>
        <FILENAME>openclproject.cpp</FILENAME>
        <LINE>220</LINE>
        <COLUMN>16</COLUMN>
      </SFA>
      <SFA>
        <FILEPATH>c:\users\quincywu\documents\github\ee590-opencl\final\openclproject\openclproject\</FILEPATH>
        <FILENAME>openclproject.cpp</FILENAME>
        <LINE>231</LINE>
        <COLUMN>7</COLUMN>
      </SFA>
      <SFA>
        <FILEPATH>c:\users\quincywu\documents\github\ee590-opencl\final\openclproject\openclproject\</FILEPATH>
        <FILENAME>openclproject.cpp</FILENAME>
        <LINE>232</LINE>
        <COLUMN>7</COLUMN>
      </SFA>
      <SFA>
        <FILEPATH>c:\users\quincywu\documents\github\ee590-opencl\final\openclproject\openclproject\</FILEPATH>
        <FILENAME>openclproject.cpp</FILENAME>
        <LINE>233</LINE>
        <COLUMN>7</COLUMN>
      </SFA>
      <SFA>
        <FILEPATH>c:\users\quincywu\documents\github\ee590-opencl\final\openclproject\openclproject\</FILEPATH>
        <FILENAME>openclproject.cpp</FILENAME>
        <LINE>234</LINE>
        <COLUMN>7</COLUMN>
      </SFA>
      <SFA>
        <FILEPATH>c:\users\quincywu\documents\github\ee590-opencl\final\openclproject\openclproject\</FILEPATH>
        <FILENAME>openclproject.cpp</FILENAME>
        <LINE>239</LINE>
        <COLUMN>10</COLUMN>
      </SFA>
      <SFA>
        <FILEPATH>c:\users\quincywu\documents\github\ee590-opencl\final\openclproject\openclproject\</FILEPATH>
        <FILENAME>openclproject.cpp</FILENAME>
        <LINE>240</LINE>
        <COLUMN>10</COLUMN>
      </SFA>
      <SFA>
        <FILEPATH>c:\users\quincywu\documents\github\ee590-opencl\final\openclproject\openclproject\</FILEPATH>
        <FILENAME>openclproject.cpp</FILENAME>
        <LINE>244</LINE>
        <COLUMN>43</COLUMN>
      </SFA>
      <SFA>
        <FILEPATH>c:\users\quincywu\documents\github\ee590-opencl\final\openclproject\openclproject\</FILEPATH>
        <FILENAME>openclproject.cpp</FILENAME>
        <LINE>262</LINE>
        <COLUMN>17</COLUMN>
      </SFA>
      <SFA>
        <FILEPATH>c:\users\quincywu\documents\github\ee590-opencl\final\openclproject\openclproject\</FILEPATH>
        <FILENAME>openclproject.cpp</FILENAME>
        <LINE>271</LINE>
        <COLUMN>8</COLUMN>
      </SFA>
      <SFA>
        <FILEPATH>c:\users\quincywu\documents\github\ee590-opencl\final\openclproject\openclproject\</FILEPATH>
        <FILENAME>openclproject.cpp</FILENAME>
        <LINE>272</LINE>
        <COLUMN>8</COLUMN>
      </SFA>
      <SFA>
        <FILEPATH>c:\users\quincywu\documents\github\ee590-opencl\final\openclproject\openclproject\</FILEPATH>
        <FILENAME>openclproject.cpp</FILENAME>
        <LINE>274</LINE>
        <COLUMN>17</COLUMN>
      </SFA>
      <SFA>
        <FILEPATH>c:\users\quincywu\documents\github\ee590-opencl\final\openclproject\openclproject\</FILEPATH>
        <FILENAME>openclproject.cpp</FILENAME>
        <LINE>282</LINE>
        <COLUMN>7</COLUMN>
      </SFA>
      <SFA>
        <FILEPATH>c:\users\quincywu\documents\github\ee590-opencl\final\openclproject\openclproject\</FILEPATH>
        <FILENAME>openclproject.cpp</FILENAME>
        <LINE>283</LINE>
        <COLUMN>7</COLUMN>
      </SFA>
      <SFA>
        <FILEPATH>c:\users\quincywu\documents\github\ee590-opencl\final\openclproject\openclproject\</FILEPATH>
        <FILENAME>openclproject.cpp</FILENAME>
        <LINE>284</LINE>
        <COLUMN>7</COLUMN>
      </SFA>
      <SFA>
        <FILEPATH>c:\users\quincywu\documents\github\ee590-opencl\final\openclproject\openclproject\</FILEPATH>
        <FILENAME>openclproject.cpp</FILENAME>
        <LINE>292</LINE>
        <COLUMN>5</COLUMN>
      </SFA>
      <SFA>
        <FILEPATH>c:\users\quincywu\documents\github\ee590-opencl\final\openclproject\openclproject\</FILEPATH>
        <FILENAME>openclproject.cpp</FILENAME>
        <LINE>310</LINE>
        <COLUMN>5</COLUMN>
      </SFA>
      <SFA>
        <FILEPATH>c:\users\quincywu\documents\github\ee590-opencl\final\openclproject\openclproject\</FILEPATH>
        <FILENAME>openclproject.cpp</FILENAME>
        <LINE>311</LINE>
        <COLUMN>6</COLUMN>
      </SFA>
      <SFA>
        <FILEPATH>c:\users\quincywu\documents\github\ee590-opencl\final\openclproject\openclproject\</FILEPATH>
        <FILENAME>openclproject.cpp</FILENAME>
        <LINE>313</LINE>
        <COLUMN>18</COLUMN>
      </SFA>
      <SFA>
        <FILEPATH>c:\users\quincywu\documents\github\ee590-opencl\final\openclproject\openclproject\</FILEPATH>
        <FILENAME>openclproject.cpp</FILENAME>
        <LINE>320</LINE>
        <COLUMN>5</COLUMN>
      </SFA>
      <SFA>
        <FILEPATH>c:\users\quincywu\documents\github\ee590-opencl\final\openclproject\openclproject\</FILEPATH>
        <FILENAME>openclproject.cpp</FILENAME>
        <LINE>321</LINE>
        <COLUMN>6</COLUMN>
      </SFA>
      <SFA>
        <FILEPATH>c:\users\quincywu\documents\github\ee590-opencl\final\openclproject\openclproject\</FILEPATH>
        <FILENAME>openclproject.cpp</FILENAME>
        <LINE>323</LINE>
        <COLUMN>18</COLUMN>
      </SFA>
      <SFA>
        <FILEPATH>c:\users\quincywu\documents\github\ee590-opencl\final\openclproject\openclproject\</FILEPATH>
        <FILENAME>openclproject.cpp</FILENAME>
        <LINE>330</LINE>
        <COLUMN>5</COLUMN>
      </SFA>
      <SFA>
        <FILEPATH>c:\users\quincywu\documents\github\ee590-opencl\final\openclproject\openclproject\</FILEPATH>
        <FILENAME>openclproject.cpp</FILENAME>
        <LINE>342</LINE>
        <COLUMN>5</COLUMN>
      </SFA>
      <SFA>
        <FILEPATH>c:\users\quincywu\documents\github\ee590-opencl\final\openclproject\openclproject\</FILEPATH>
        <FILENAME>openclproject.cpp</FILENAME>
        <LINE>343</LINE>
        <COLUMN>8</COLUMN>
      </SFA>
      <SFA>
        <FILEPATH>c:\users\quincywu\documents\github\ee590-opencl\final\openclproject\openclproject\</FILEPATH>
        <FILENAME>openclproject.cpp</FILENAME>
        <LINE>344</LINE>
        <COLUMN>8</COLUMN>
      </SFA>
      <SFA>
        <FILEPATH>c:\users\quincywu\documents\github\ee590-opencl\final\openclproject\openclproject\</FILEPATH>
        <FILENAME>openclproject.cpp</FILENAME>
        <LINE>347</LINE>
        <COLUMN>6</COLUMN>
      </SFA>
      <SFA>
        <FILEPATH>c:\users\quincywu\documents\github\ee590-opencl\final\openclproject\openclproject\</FILEPATH>
        <FILENAME>openclproject.cpp</FILENAME>
        <LINE>348</LINE>
        <COLUMN>10</COLUMN>
      </SFA>
      <SFA>
        <FILEPATH>c:\users\quincywu\documents\github\ee590-opencl\final\openclproject\openclproject\</FILEPATH>
        <FILENAME>openclproject.cpp</FILENAME>
        <LINE>348</LINE>
        <COLUMN>28</COLUMN>
        <KEYEVENT>
          <ID>1</ID>
          <KIND>declaration</KIND>
          <IMPORTANCE>Essential</IMPORTANCE>
          <MESSAGE>'current_time' is not initialized</MESSAGE>
        </KEYEVENT>
      </SFA>
      <SFA>
        <FILEPATH>c:\users\quincywu\documents\github\ee590-opencl\final\openclproject\openclproject\</FILEPATH>
        <FILENAME>openclproject.cpp</FILENAME>
        <LINE>349</LINE>
        <COLUMN>14</COLUMN>
      </SFA>
      <SFA>
        <FILEPATH>c:\users\quincywu\documents\github\ee590-opencl\final\openclproject\openclproject\</FILEPATH>
        <FILENAME>openclproject.cpp</FILENAME>
        <LINE>350</LINE>
        <COLUMN>5</COLUMN>
      </SFA>
      <SFA>
        <FILEPATH>c:\users\quincywu\documents\github\ee590-opencl\final\openclproject\openclproject\</FILEPATH>
        <FILENAME>openclproject.cpp</FILENAME>
        <LINE>353</LINE>
        <COLUMN>6</COLUMN>
      </SFA>
      <SFA>
        <FILEPATH>c:\users\quincywu\documents\github\ee590-opencl\final\openclproject\openclproject\</FILEPATH>
        <FILENAME>openclproject.cpp</FILENAME>
        <LINE>354</LINE>
        <COLUMN>10</COLUMN>
      </SFA>
      <SFA>
        <FILEPATH>c:\users\quincywu\documents\github\ee590-opencl\final\openclproject\openclproject\</FILEPATH>
        <FILENAME>openclproject.cpp</FILENAME>
        <LINE>354</LINE>
        <COLUMN>22</COLUMN>
      </SFA>
      <SFA>
        <FILEPATH>c:\users\quincywu\documents\github\ee590-opencl\final\openclproject\openclproject\</FILEPATH>
        <FILENAME>openclproject.cpp</FILENAME>
        <LINE>355</LINE>
        <COLUMN>8</COLUMN>
      </SFA>
      <SFA>
        <FILEPATH>c:\users\quincywu\documents\github\ee590-opencl\final\openclproject\openclproject\</FILEPATH>
        <FILENAME>openclproject.cpp</FILENAME>
        <LINE>357</LINE>
        <COLUMN>14</COLUMN>
      </SFA>
      <SFA>
        <FILEPATH>c:\users\quincywu\documents\github\ee590-opencl\final\openclproject\openclproject\</FILEPATH>
        <FILENAME>openclproject.cpp</FILENAME>
        <LINE>358</LINE>
        <COLUMN>7</COLUMN>
      </SFA>
      <SFA>
        <FILEPATH>c:\users\quincywu\documents\github\ee590-opencl\final\openclproject\openclproject\</FILEPATH>
        <FILENAME>openclproject.cpp</FILENAME>
        <LINE>359</LINE>
        <COLUMN>7</COLUMN>
      </SFA>
      <SFA>
        <FILEPATH>c:\users\quincywu\documents\github\ee590-opencl\final\openclproject\openclproject\</FILEPATH>
        <FILENAME>openclproject.cpp</FILENAME>
        <LINE>362</LINE>
        <COLUMN>14</COLUMN>
      </SFA>
      <SFA>
        <FILEPATH>c:\users\quincywu\documents\github\ee590-opencl\final\openclproject\openclproject\</FILEPATH>
        <FILENAME>openclproject.cpp</FILENAME>
        <LINE>364</LINE>
        <COLUMN>11</COLUMN>
      </SFA>
      <SFA>
        <FILEPATH>c:\users\quincywu\documents\github\ee590-opencl\final\openclproject\openclproject\</FILEPATH>
        <FILENAME>openclproject.cpp</FILENAME>
        <LINE>365</LINE>
        <COLUMN>9</COLUMN>
      </SFA>
      <SFA>
        <FILEPATH>c:\users\quincywu\documents\github\ee590-opencl\final\openclproject\openclproject\</FILEPATH>
        <FILENAME>openclproject.cpp</FILENAME>
        <LINE>366</LINE>
        <COLUMN>27</COLUMN>
        <KEYEVENT>
          <ID>2</ID>
          <KIND>branch</KIND>
          <IMPORTANCE>Full</IMPORTANCE>
          <MESSAGE>Skip this branch, (assume 'global[0]%local[0]==0' is false)</MESSAGE>
        </KEYEVENT>
      </SFA>
      <SFA>
        <FILEPATH>c:\users\quincywu\documents\github\ee590-opencl\final\openclproject\openclproject\</FILEPATH>
        <FILENAME>openclproject.cpp</FILENAME>
        <LINE>703</LINE>
        <COLUMN>31</COLUMN>
        <KEYEVENT>
          <ID>3</ID>
          <KIND>usage</KIND>
          <IMPORTANCE>Essential</IMPORTANCE>
          <MESSAGE>'current_time' is used, but may not have been initialized</MESSAGE>
        </KEYEVENT>
      </SFA>
    </PATH>
  </DEFECT>
  <DEFECT>
    <SFA>
      <FILEPATH>c:\users\quincywu\documents\github\ee590-opencl\final\openclproject\openclproject\</FILEPATH>
      <FILENAME>openclproject.cpp</FILENAME>
      <LINE>822</LINE>
      <COLUMN>8</COLUMN>
    </SFA>
    <DEFECTCODE>6340</DEFECTCODE>
    <DESCRIPTION>Mismatch on sign: 'unsigned int' passed as _Param_(4) when some signed type is required in call to 'printf'.</DESCRIPTION>
    <FUNCTION>printArray</FUNCTION>
    <DECORATED>?printArray@@YAXAAPAUref_point@@H@Z</DECORATED>
    <FUNCLINE>819</FUNCLINE>
    <PATH></PATH>
  </DEFECT>
  <DEFECT>
    <SFA>
      <FILEPATH>c:\users\quincywu\documents\github\ee590-opencl\final\openclproject\openclproject\</FILEPATH>
      <FILENAME>openclproject.cpp</FILENAME>
      <LINE>830</LINE>
      <COLUMN>8</COLUMN>
    </SFA>
    <DEFECTCODE>6340</DEFECTCODE>
    <DESCRIPTION>Mismatch on sign: 'unsigned int' passed as _Param_(4) when some signed type is required in call to 'printf'.</DESCRIPTION>
    <FUNCTION>printArray</FUNCTION>
    <DECORATED>?printArray@@YAXAAPAUpoint@@H@Z</DECORATED>
    <FUNCLINE>827</FUNCLINE>
    <PATH></PATH>
  </DEFECT>
  <DEFECT>
    <SFA>
      <FILEPATH>c:\users\quincywu\documents\github\ee590-opencl\final\openclproject\openclproject\</FILEPATH>
      <FILENAME>openclproject.cpp</FILENAME>
      <LINE>903</LINE>
      <COLUMN>12</COLUMN>
    </SFA>
    <DEFECTCODE>6246</DEFECTCODE>
    <DESCRIPTION>Local declaration of 'i' hides declaration of the same name in outer scope. For additional information, see previous declaration at line '882' of 'c:\users\quincywu\documents\github\ee590-opencl\final\openclproject\openclproject\openclproject.cpp'.</DESCRIPTION>
    <FUNCTION>seq_ref_code</FUNCTION>
    <DECORATED>?seq_ref_code@@YA_NPAUpoint@@PAUref_point@@0HH@Z</DECORATED>
    <FUNCLINE>880</FUNCLINE>
    <PATH>
      <SFA>
        <FILEPATH>c:\users\quincywu\documents\github\ee590-opencl\final\openclproject\openclproject\</FILEPATH>
        <FILENAME>openclproject.cpp</FILENAME>
        <LINE>882</LINE>
        <COLUMN>15</COLUMN>
      </SFA>
    </PATH>
  </DEFECT>
  <DEFECT>
    <SFA>
      <FILEPATH>c:\users\quincywu\documents\github\ee590-opencl\final\openclproject\openclproject\</FILEPATH>
      <FILENAME>openclproject.cpp</FILENAME>
      <LINE>997</LINE>
      <COLUMN>9</COLUMN>
    </SFA>
    <DEFECTCODE>6340</DEFECTCODE>
    <DESCRIPTION>Mismatch on sign: 'unsigned int' passed as _Param_(2) when some signed type is required in call to 'printf'.</DESCRIPTION>
    <FUNCTION>get_intel_platform</FUNCTION>
    <DECORATED>?get_intel_platform@@YAPAU_cl_platform_id@@XZ</DECORATED>
    <FUNCLINE>928</FUNCLINE>
    <PATH></PATH>
  </DEFECT>
</DEFECTS>